,Unnamed: 0,CDCID,GenusName,InitialExposure,LastExposure,TotalCases,Exposurestate,ExposureState,ExposureCounty1,ExposureCounty2,ExposureCounty3,ExposureCounty4,ExposureCounty5,ExposureCounty6,ExposureCounty7,ExposureCounty8,ExposureCounty9,ExposureCounty10,ExposureCounty11,TEMP,SLP,WDSP,PRCP,RH,SLP-STP,MXSPD-WDSP,Median age,Immigrants,Households Median Income,%Food preparation,"%Farming, fishing, and forestry",Population Density
0,47,7959,Norovirus,2011-06-04,2011-06-04,80,GA,Georgia,Cobb,,,,,,,,,,,84.2,1019.3,3.6,0.0,52.75479,37.4,2.9,35.060029161688604,63628.03384397212,65349.4296748402,5.038998939924582,0.0957347692423754,2003.539197765377
1,48,7969,Norovirus,2011-06-18,2011-06-19,14,VA,Virginia,Stafford,,,,,,,,,,,74.55,1011.15,2.6,0.1475,83.04163689,3.525,4.4,34.21454302366395,14485.756628710093,93640.81898769888,4.035985517041804,0.041825944964769,467.4667831365439
2,50,7990,Norovirus,2011-06-18,2011-06-18,23,CT,Connecticut,New Haven,,,,,,,,,,,67.6,1010.4,3.25,0.2725,79.70910515,9.433333,5.5,38.90374112504846,35261.52768740898,62097.87817538749,4.783188162726709,0.1754091758761962,1418.6252668423765
3,51,7992,Norovirus,2011-06-18,2011-06-18,21,CT,Connecticut,New Haven,,,,,,,,,,,67.6,1010.4,3.25,0.2725,79.70910515,9.433333,5.5,38.90374112504846,35261.52768740898,62097.87817538749,4.783188162726709,0.1754091758761962,1418.6252668423765
4,52,8037,Norovirus,2011-06-04,2011-06-04,17,MD,Maryland,Baltimore County,,,,,,,,,,,70.25,1018.9,4.2,0.0,46.372565,0.1,6.3,38.975903564045765,52209.6761276325,64707.05839325419,4.641496976932117,0.1112443273602212,1337.5991927422035
5,58,8267,Norovirus,2011-07-28,2011-07-31,32,IL,Illinois,DeKalb,,,,,,,,,,,76.5125,1012.5303344726562,4.425,0.2,84.48341142,54.18184661865234,8.6,29.012081946921967,11910.591299452291,54547.78841391653,6.736893137905202,0.3981701363117225,165.50770501655722
6,59,8269,Norovirus,2011-06-23,2011-06-25,50,WI,Wisconsin,Chippewa,Eau Claire,Kenosha,Milwaukee,Racine,,,,,,,62.91111111,1007.147778,7.190740741,0.084861111,76.73428112,28.7111113,4.792592589,36.29220597559551,13474.03174562749,49542.28861965493,5.375546157058678,0.7682670852705786,1059.8953566423556
7,60,8282,Norovirus,2011-07-02,2011-07-07,22,MO,Missouri,Lincoln,,,,,,,,,,,79.045,1014.251667,3.573333333,0.068333333,71.27216215,19.7200003,6.714999997,35.279182778030936,2964.133190771747,53320.05299266948,4.66556721922612,0.7046904684838987,82.64189173881556
8,62,8302,Norovirus,2011-07-29,2011-07-29,8,IL,Illinois,McHenry,,,,,,,,,,,78.55,1014.63,2.99,0.2,73.23951922,26.91,6.29,37.40454609597918,12550.920367353156,76548.31290957135,4.514258220398979,0.2423601699433907,509.310534937223
9,64,8362,Norovirus,2011-07-14,2011-07-14,6,OR,Oregon,Marion,,,,,,,,,,,61.7,1014.0,4.6,0.0,68.68825052,7.1,5.3,35.08975744968049,18646.05037039781,46039.19631323139,5.42901352480796,4.725863993721533,263.7304772088433
10,73,8537,Norovirus,2011-08-20,2011-08-20,7,GA,Georgia,Fulton,,,,,,,,,,,83.0,1013.1,2.9,0.0,61.76487466,29.2,9.1,34.05849385523423,87635.61760687717,57322.881273470615,5.733726045707305,0.188133574108828,1708.6668921901949
11,125,9568,Norovirus,2011-08-06,2011-08-06,9,CA,California,San Francisco,,,,,,,,,,,55.9,1014.5,7.4,0.0,67.09476470947266,22.77029228210449,5.6,38.3470566820595,58282.79540215481,72494.67765403792,7.009218754530783,0.119333536894942,16945.14992471694
12,158,10383,Norovirus,2011-06-17,2011-06-17,13,NJ,New Jersey,Burlington,,,,,,,,,,,72.63333333,1011.6,5.5,0.05,72.44428016,3.5,4.5,39.80287556809888,22547.52458015051,77126.62849005997,3.9829088956702585,0.3757511373230569,560.7592449474923
13,208,11489,Norovirus,2012-06-07,2012-06-07,7,IL,Illinois,Cook,,,,,,,,,,,64.625,1019.55,4.05,0.0,51.23162516,22.5166667,5.725,35.233893684974724,171645.44879959887,54673.874461078194,5.479108959061592,0.1087375730620852,5489.254550827266
14,213,11566,Norovirus,2012-06-15,2012-06-15,14,OH,Ohio,Mahoning,,,,,,,,,,,71.68,1021.98,5.81,0.0,53.6946463,42.04,4.2,42.68489150195808,8959.088593222135,40881.87869288839,6.544074154530429,0.2943217886005556,581.3066294227763
15,216,11653,Norovirus,2012-06-16,2012-06-16,8,MN,Minnesota,Washington,,,,,,,,,,,69.7,1013.963134765625,3.3,0.0,82.42880474,17.694374084472656,11.7,38.14267712589943,13615.950125339965,80148.3429832066,4.590868834554707,0.3581710383373339,617.2460859923945
16,220,11746,Norovirus,2012-07-02,2012-07-02,21,NY,New York,Queens,,,,,,,,,,,81.13333333,1011.133333,6.1,0.0,41.33804875,0.733333,6.53333333,37.24943033069094,88192.97872574515,56643.7882762139,6.685930374335988,0.0773789040601613,20494.654105476937
17,222,11768,Norovirus,2012-06-30,2012-07-01,18,OH,Ohio,Franklin,,,,,,,,,,,78.1125,1011.775,4.3625,0.18,66.26895209,29.4125,10.7125,33.44956667647769,70619.59036584629,50462.34386267589,5.816563229713022,0.1407360898002299,2180.5383070852386
18,223,11810,Norovirus,2012-07-06,2012-07-06,5,GA,Georgia,Muscogee,,,,,,,,,,,83.3,1014.5,4.3,0.0,61.59152758,13.7,5.6,33.50178022899094,24174.9639891225,41285.61823596772,7.385844445444039,0.1837811960400158,876.9731904162929
19,225,11894,Norovirus,2012-07-24,2012-07-30,260,MI,Michigan,Ottawa,,,,,,,,,,,73.0,1013.842857,8.057142857,0.0,61.716941833496094,10.06191635131836,6.971428573,34.50569011739385,17448.821826774085,55713.104316455145,5.513150034648681,1.5920034192114794,468.5794990738618
20,226,11899,Norovirus,2012-07-11,2012-07-11,9,MN,Minnesota,Olmsted,,,,,,,,,,,74.3,1020.6,2.65,0.0,43.09764377,47.0,4.35,36.26050274667163,8218.709881027398,66643.64236081194,4.479910545466702,0.4922843630657956,220.0435263889868
21,227,11916,Norovirus,2012-06-03,2012-06-03,9,PA,Pennsylvania,Philadelphia,,,,,,,,,,,64.7,1008.1,6.6,0.38,55.30006354,4.2,8.4,33.47789042566264,66766.06912522171,37003.325417540014,6.245570005445161,0.0801218375587469,11328.892374463996
22,231,11980,Norovirus,2012-08-02,2012-08-14,22,OH,Ohio,Franklin,,,,,,,,,,,75.10576923,1013.596154,5.344230769,0.072564103,61.3252499,29.7307694,7.013461541,33.46091992686231,70817.81712691697,50530.8219471256,5.818019107186197,0.1399539222379416,2183.28354528948
23,232,12010,Norovirus,2012-08-12,2012-08-14,10,MN,Minnesota,Hennepin,,,,,,,,,,,67.46666667,1015.211111,3.411111111,0.005555556,64.78389888,31.7222221,5.366666667,35.89066182923427,75370.58193632045,63340.42947665297,5.344269784454106,0.1853353522606174,2083.427223588004
24,233,12036,Norovirus,2012-07-20,2012-07-20,8,WA,Washington,Snohomish,,,,,,,,,,,64.7,1015.8,5.6,0.02,79.19502415,13.0,10.45,37.085690749378,44988.09898556495,68207.87071817982,5.168676381432238,0.4356397819844911,340.1584992507468
25,234,12072,Norovirus,2012-08-24,2012-08-26,8,MN,Minnesota,Hennepin,,,,,,,,,,,74.42222222,1011.722222,6.255555556,0.042222222,69.52537046,31.3888887,5.422222224,35.8908263674754,75371.4978145552,63357.30033911664,5.346474420590731,0.1858177798267516,2084.142235377162
26,235,12103,Norovirus,2012-06-16,2012-06-19,7,OR,Oregon,Washington,,,,,,,,,,,62.475,1017.375,5.0,0.0,65.8564046,8.225,6.025,35.2469749908184,40078.44583821045,64213.13188779478,5.376757278918875,0.9973724250544562,728.6908092151313
27,236,12108,Norovirus,2012-07-14,2012-07-17,27,OR,Oregon,Linn,,,,,,,,,,,66.045,1012.0025,6.0525,0.0025,60.99363976,27.4825,8.6525,38.95188716489191,6130.839600193316,47022.009190643774,5.31203094890288,2.500069872084476,50.83151310715289
28,238,12134,Norovirus,2012-08-24,2012-08-24,22,NY,New York,Otsego,,,,,,,,,,,68.95,1021.37,1.21,0.0,34.86941562,15.26,3.68,40.33063831625772,5271.5789796282215,45886.26266628825,6.3300493055191565,0.7590460445377727,62.1093742542331
29,239,12158,Norovirus,2012-06-28,2012-06-29,15,CO,Colorado,Boulder,,,,,,,,,,,68.73333333,1013.1754150390624,4.85,0.1175,43.37340931,39.987831115722656,13.2,35.55068313165851,31870.35740312247,67026.74408043997,5.935725083452048,0.2451113003504682,406.3854534916608
30,245,12375,Norovirus,2012-08-04,2012-08-04,6,CA,California,San Diego,,,,,,,,,,,67.64285714,1012.481818,4.5,0.0,70.03952418,20.6181816,5.264285714,34.65859497215513,162069.0700586715,63661.177535129296,5.830141072707314,0.6002148313898393,733.2968234375015
31,250,12463,Norovirus,2012-06-05,2012-06-13,180,CA,California,Contra Costa,,,,,,,,,,,64.0,1014.253333,8.26,0.000888889,43.56463329,1.964444,6.32666667,38.39796019001015,56361.966697851785,78675.0725533836,4.51538858617548,0.3068349818331415,1458.3635807485691
32,308,13582,Norovirus,2012-06-09,2012-06-09,25,NJ,New Jersey,Essex,,,,,,,,,,,69.9,1012.9,1.5,0.0,60.72043401,6.7,6.5,36.23899292731281,29831.20577550973,55476.95167830428,4.2359241740563816,0.0818136956177383,6200.945330346265
33,310,13629,Norovirus,2012-07-23,2012-07-23,10,NJ,New Jersey,Gloucester,,,,,,,,,,,78.63,1017.62,5.8,0.0,40.97757586,1.16,4.13,38.610218545505234,12831.619955023758,75083.10269150486,4.316949105038702,0.2465692590137564,893.531412438722
34,328,14119,Norovirus,2012-07-27,2012-07-27,8,WI,Wisconsin,Milwaukee,,,,,,,,,,,71.93333333,1009.0,5.033333333,0.05,78.43839311,25.25,8.566666667,33.69209128457371,38550.68077125304,43590.55115232982,6.052814843683576,0.4120209068023906,3913.183264221059
35,377,15320,Norovirus,2013-06-15,2013-06-15,117,IL,Illinois,Boone,,,,,,,,,,,68.27,1015.74,5.09,0.04,70.83344267,27.89,6.09,36.8935997767488,2511.440335970473,62598.21439710588,3.7647911405514822,0.5707558056624417,192.75336869907537
36,386,15193,Norovirus,2013-06-02,2013-06-02,9,IL,Illinois,Cook,,,,,,,,,,,56.98,1010.0,8.18,0.268,85.89688628,21.5333333,6.4,35.3761630715989,171586.07291540844,54580.28161278879,5.562774965888463,0.1078931306734718,5504.778145304616
37,387,15249,Norovirus,2013-06-01,2013-06-01,8,SC,South Carolina,Charleston,,,,,,,,,,,76.78,1020.55,5.65,0.0,77.77123443,1.55,4.525,35.86835759225739,29896.20188956187,50397.34080312031,7.428955864135634,0.2715564748961938,387.5569407579557
38,392,15451,Norovirus,2013-06-28,2013-06-28,25,NY,New York,Nassau,Queens,Suffolk,,,,,,,,,73.99090909,1000.979,9.502727273,0.067272727,76.14597972,1.7123333,6.032272727,39.50370780191152,53054.84692706602,80670.62610887476,4.964527458804835,0.1143414116681226,9012.408238687383
39,393,15457,Norovirus,2013-06-09,2013-06-09,10,GA,Georgia,Chatham,,,,,,,,,,,80.4,1018.75,5.4,0.0,80.27578968,1.85,6.9,34.018289059456514,18124.811464244853,45552.07822106509,7.402990286700648,0.3413336455819208,629.6104074978035
40,396,15523,Norovirus,2013-07-10,2013-07-18,9,OH,Ohio,Stark,,,,,,,,,,,76.57888889,1020.702222,4.951111111,0.31,72.1682596,42.2711109,6.764444449,41.38125257389585,14324.075215544332,45631.26592610277,7.171211683166943,0.3100078224558705,652.6353043751792
41,398,15553,Norovirus,2013-07-05,2013-07-05,29,TX,Texas,Harris,,,,,,,,,,,83.4,1013.75,3.35,0.0,54.79025698,2.9,7.46428571,32.23316717343276,196852.9642023521,53115.84901371503,5.557968852615334,0.1716459540818094,2431.495080663821
42,399,15592,Norovirus,2013-06-24,2013-06-29,91,MA,Massachusetts,Essex,,,,,,,,,,,73.88333333,1007.741667,6.25,0.3275,76.12266691,4.158334,6.675,40.51258908059074,30092.42594977156,67040.38551938342,5.293243686704049,0.2612073854963155,1518.0677470507026
43,402,15607,Norovirus,2013-06-23,2013-06-26,22,FL,Florida,Indian River,,,,,,,,,,,81.975,1019.675,6.425,0.0,76.27376533,0.9,6.075,49.21882997042584,9015.767269797228,44981.33002133205,5.81632066157518,1.9085136100049105,275.8764637018314
44,403,15637,Norovirus,2013-08-04,2013-08-10,48,TN,Tennessee,Robertson,,,,,,,,,,,76.16857143,1015.757143,3.898571429,0.244285714,80.62142947,20.3485716,7.248571431,37.94119682606805,3965.076749420011,52702.2141085873,4.215846738127576,0.7638266027826587,139.50645746926418
45,412,15735,Norovirus,2013-08-17,2013-08-24,7,OH,Ohio,Franklin,,,,,,,,,,,71.203125,1020.3375,3.40625,0.0178125,67.13445035,30.0625,5.6875,33.5508486518105,69743.61811807711,50745.40986933773,5.848877954638643,0.1357371303480156,2210.769414730299
46,413,15754,Norovirus,2013-08-24,2013-08-24,22,OR,Oregon,Multnomah,,,,,,,,,,,68.25,1012.1,2.85,0.0,64.24361403,2.3,3.7,36.0244492182914,59117.271834453786,52234.55826773113,7.238077047267246,0.5290506036665962,1725.29413114425
47,414,15794,Norovirus,2013-08-11,2013-08-11,34,KS,Kansas,McPherson,,,,,,,,,,,74.02,1018.11,4.71,0.0,74.74401194,50.49,5.02,41.85721562339128,1599.4901189997768,54101.03668747316,5.102250408030841,1.3802265057653749,32.57699493457489
48,415,15817,Norovirus,2013-07-20,2013-07-20,42,CA,California,San Diego,,,,,,,,,,,66.35,1011.169231,4.325,0.0,74.06196033,18.3525643,4.51875,34.757111773315444,155645.0285938181,62980.24253783908,5.843075409826662,0.6051324169951444,741.8724356083537
49,419,15925,Norovirus,2013-08-10,2013-08-12,19,OR,Oregon,Washington,,,,,,,,,,,67.03333333,1015.7,2.966666667,0.0,69.20537379,8.066667,4.366666666,35.519135208387034,39309.42048215446,64185.89858682051,5.408044477398678,1.141281597805648,740.8995759681706
50,421,15983,Norovirus,2013-06-14,2013-06-14,8,CA,California,San Diego,,,,,,,,,,,64.83125,1013.364286,5.33125,0.0,68.3916725,19.1059527,5.05,34.747033989500835,156278.01982071766,63033.5012479279,5.840317969828633,0.6052209812993036,741.0067444905538
51,424,16000,Norovirus,2013-06-23,2013-06-26,15,CA,California,San Diego,,,,,,,,,,,67.24,1013.230357,5.517916667,0.0,68.05361999,19.0903949,5.715625003,34.74998867295332,156087.6209364479,63016.69268789729,5.840973440971754,0.605160048812992,741.258359353887
52,425,16077,Norovirus,2013-06-09,2013-06-09,7,CA,California,San Diego,,,,,,,,,,,63.76875,1012.935714,3.88125,0.0,69.9275931,19.0190473,5.20625,34.74562308816054,156370.16156017434,63041.84421387204,5.840044874634123,0.6052583236654195,740.8871318386869
53,428,16110,Norovirus,2013-08-30,2013-08-30,8,ID,Idaho,Ada,,,,,,,,,,,77.3,1014.3,3.1,0.0,30.30877947,97.9,4.9,35.092656180495545,28114.7213199472,55256.111626277925,5.63554781360211,0.4674681785107054,379.40305854876937
54,433,16211,Norovirus,2013-06-07,2013-06-07,9,CA,California,Orange,,,,,,,,,,,65.93333333,1011.566667,3.766666667,0.0,71.62845114,2.2,6.2,36.28087305439367,133667.12090543463,75421.71806398632,5.443227776447141,0.3126287145111577,3838.610925581536
55,435,16230,Norovirus,2013-08-24,2013-08-24,13,CA,California,Orange,,,,,,,,,,,70.43333333,1009.1,3.433333333,0.0,68.27213036,2.166667,5.233333334,36.32325529522517,134354.8570245764,75388.32856399044,5.490564331323513,0.3094220244914252,3846.54083677774
56,460,16630,Norovirus,2013-06-15,2013-06-15,24,WA,Washington,Pierce,,,,,,,,,,,59.025,1016.5,3.0,0.0,66.42407686,11.633333,4.5,35.742721643609045,56114.23231869701,59112.65436300165,5.676592949466946,0.3410618105234283,480.1752245171469
57,466,17106,Norovirus,2013-06-28,2013-06-28,8,NE,Nebraska,Buffalo,,,,,,,,,,,77.0,1020.6389770507812,9.3,0.0,56.43474299,43.37619400024414,8.8,32.275700317473174,4314.292942111873,50502.47438613469,5.981864538634843,1.5660930482244,48.13968221166159
58,488,17993,Norovirus,2013-06-08,2013-06-08,13,NJ,New Jersey,Ocean,,,,,,,,,,,74.5,1007.4,7.3,0.0,65.81530605,2.9,4.7,42.65505087342911,20244.092112495862,61030.22938509008,5.431106150449118,0.2498596227857893,918.0569188491628
59,570,19418,Norovirus,2014-06-14,2014-06-14,50,VA,Virginia,Frederick,,,,,,,,,,,67.0,1015.4249267578124,6.1,0.0,68.04445184,58.00614547729492,12.0,39.456896827931146,5694.015372814934,68563.93682370016,3.533913219198109,0.6493434536959779,193.1709260869869
60,571,19455,Norovirus,2014-06-15,2014-06-15,5,OH,Ohio,Lucas,,,,,,,,,,,67.7,1018.55,8.766666667,0.0,52.71700535,25.05,6.566666663,37.50939304108295,19073.310417991077,41683.85447499711,7.243106941984367,0.2789416173485018,1287.682644340684
61,572,19466,Norovirus,2014-06-18,2014-06-20,26,SC,South Carolina,Sumter,,,,,,,,,,,82.06666667,1018.2,3.833333333,0.0,64.42190851,8.8,5.566666667,35.44979846393256,5875.057138112429,41023.70104138927,5.862824850435753,0.4835170786378454,161.99329990299825
62,573,19489,Norovirus,2014-06-14,2014-06-15,7,IL,Illinois,Cook,,,,,,,,,,,67.86,1015.2,9.67,0.0,49.29506192,22.05,8.36,35.59206944429156,174163.53335815683,54651.92442165484,5.65755658109871,0.0927260823999082,5521.174728207691
63,574,19545,Norovirus,2014-06-24,2014-06-24,7,FL,Florida,Orange,,,,,,,,,,,81.95,1019.35,5.0,0.305,73.44317208,4.0,7.45,34.10568475814709,96356.45071624308,47501.11917257413,8.407805976473046,0.298622754097933,1313.5252022219486
64,575,19564,Norovirus,2014-06-28,2014-06-28,6,FL,Florida,St. Johns,,,,,,,,,,,83.2,1019.5,7.3,0.09,70.77648684,0.4,2.6,42.56920329091426,19288.430886928625,65273.9535775291,6.93631509535731,0.1931607897114761,333.13517566754683
65,576,19699,Norovirus,2014-07-05,2014-07-05,16,OH,Ohio,Lorain,,,,,,,,,,,68.5,1025.2,3.0,0.0,53.03184282,28.7,4.0,40.552823724384346,13688.174202710192,52273.32138480286,6.156041707340623,0.2416803814367569,615.1456109111951
66,577,19713,Norovirus,2014-07-18,2014-07-18,16,OH,Ohio,Lucas,,,,,,,,,,,68.16666667,1021.7,5.033333333,0.0,55.25249183,25.0,7.266666667,37.52784758080122,19090.31604973729,41704.08493255592,7.2301104932289375,0.2799802067174653,1287.3517541970746
67,578,19875,Norovirus,2014-06-25,2014-06-26,24,WI,Wisconsin,Milwaukee,,,,,,,,,,,58.85,1016.75,6.533333333,0.0025,88.63800874,25.875,5.616666667,33.887192257224655,39546.76597154544,43221.170275734745,6.466574225120372,0.3236442289677884,3943.389033367652
68,579,20060,Norovirus,2014-07-18,2014-07-22,21,IN,Indiana,Adams,,,,,,,,,,,69.344,1018.996,2.87,0.006,68.76276454,29.398,5.47,34.15358060529831,1069.7454823313983,47525.78322613197,4.931267359332507,1.3169425039442442,101.71128320240948
69,580,19941,Norovirus,2014-06-09,2014-06-09,15,GA,Georgia,Fulton,,,,,,,,,,,78.3,1012.3,3.0,0.0,68.35535527,29.3,5.9,34.42214884981691,88323.99003968715,56658.61171396245,5.943979738527384,0.1792366335393908,1816.623478083311
70,583,20066,Norovirus,2014-07-23,2014-07-25,25,CT,Connecticut,New London,,,,,,,,,,,72.5,1011.977778,6.822222222,0.003333333,75.05448282,-0.022222,6.077777778,40.56466035329444,18303.51141362561,66543.85502415053,6.627514236073945,0.2124754511042184,412.3514513899684
71,584,20071,Norovirus,2014-08-02,2014-08-02,20,OH,Ohio,Hamilton,,,,,,,,,,,71.6,1018.4,3.5,0.0,73.5803956,17.7,11.5,37.15799193391131,38769.190057523054,48774.61145003845,6.482083763200345,0.0751560297144298,1978.2360568287968
72,587,20186,Norovirus,2014-07-06,2014-07-15,40,PA,Pennsylvania,Montgomery,,,,,,,,,,,77.0,1015.15,3.69,0.0455,67.97433782,10.99,6.995,40.91384945089728,43836.86677540148,79530.57158304793,4.396322599276401,0.1065114571401003,1671.053208611364
73,588,20167,Norovirus,2014-06-29,2014-07-01,8,UT,Utah,Salt Lake,,,,,,,,,,,73.76666667,1012.066667,5.266666667,0.0,27.26115315,140.8000003,5.433333333,31.36049247862347,55548.37220353609,61062.20173179497,5.106980139675518,0.1208544033750204,1422.590439308431
74,589,20217,Norovirus,2014-06-03,2014-06-04,8,MA,Massachusetts,Middlesex,,,,,,,,,,,63.95,1013.9,5.75,0.045,71.11698624,6.1,6.2,38.56737351120135,99974.9407313996,82627.28032985215,4.35041343425061,0.0899696094920689,1870.3277985668472
75,590,20223,Norovirus,2014-08-14,2014-08-15,11,OH,Ohio,Ashland,,,,,,,,,,,61.77,1016.3,4.525,0.005,45.6335251,46.8,4.335,40.0054898603787,3795.359511009239,46893.90675359525,5.696288127053819,1.205185440600954,125.84173047158136
76,591,20301,Norovirus,2014-08-14,2014-08-18,54,IL,Illinois,Winnebago,,,,,,,,,,,67.78,1015.46,4.6,0.0,72.52683708,26.44,6.0,38.8616115363497,10627.475364940072,47275.437961708674,5.133080996623109,0.2494197466555755,569.9105939901981
77,592,20372,Norovirus,2014-08-08,2014-08-14,15,MI,Michigan,Ottawa,,,,,,,,,,,65.52857143,1015.0,7.457142857,0.0,72.76206970214844,11.296743392944336,5.157142853,34.65679601950135,19168.024955195702,57550.85904725899,5.552272528055823,1.5255802255322386,476.750774497182
78,593,20384,Norovirus,2014-08-10,2014-08-10,14,MN,Minnesota,Kandiyohi,,,,,,,,,,,70.0,1022.1962280273438,5.3,0.0,83.0263813,27.660415649414062,6.7,40.1348630549367,2122.98493937226,51275.94251550459,4.732186799649714,2.4796863090410337,53.077294575221714
79,596,20456,Norovirus,2014-08-09,2014-08-10,22,NH,New Hampshire,Cheshire,,,,,,,,,,,66.125,1020.35,1.525,0.0,61.22343481,28.175,6.5,41.53003794317327,5993.180039252931,55514.94191934368,4.713791988487339,0.593593649349486,108.55420434333546
80,597,20516,Norovirus,2014-08-23,2014-08-23,7,FL,Florida,Escambia,,,,,,,,,,,86.76666667,1015.433333,5.3,0.0,66.7448748,2.983333,4.333333333,37.2575361400168,26977.270799599355,44529.91756454563,7.296341554295283,0.2357585244260336,461.53670142105
81,602,20598,Norovirus,2014-06-12,2014-06-13,30,WA,Washington,King,,,,,,,,,,,60.3125,1011.7,6.3375,0.065,69.26549876,5.95,5.6375,37.14171678726724,127985.29552775584,72259.70332671734,5.546265778687983,0.2878814820398184,940.5078967060996
82,662,230394,Norovirus,2014-08-24,2014-08-24,30,WA,Washington,Spokane,,,,,,,,,,,64.44,1016.05,5.15,0.0,49.9291005,79.05,6.3,37.03379222763278,27854.76210401521,50051.79833077107,6.029514126426686,0.3192162259123733,269.7772138486076
83,675,246444,Norovirus,2014-06-21,2014-06-21,23,NJ,New Jersey,Essex,,,,,,,,,,,68.6,1014.5,3.3,0.0,47.25473481,6.7,3.7,36.59335980183729,29777.94759117977,54905.452138859466,4.448680485984475,0.0728819186098658,6239.850842896143
84,682,262175,Norovirus,2014-08-31,2014-08-31,16,NJ,New Jersey,Bergen,,,,,,,,,,,77.9,1018.0,6.5,0.0,69.98057225,0.1,11.6,41.36249162271135,34660.143770220675,83510.3583444335,3.8084010145432874,0.0484980281766451,3939.1335911996193
85,741,264880,Norovirus,2015-06-01,2015-06-02,10,KS,Kansas,Douglas,,,,,,,,,,,63.9,1019.0,7.25,0.0,74.28296597,29.85,4.2,28.71875809083932,12971.902672394528,50801.43957711707,7.51036095732974,0.4469945317727425,250.619968423788
86,743,264897,Norovirus,2013-06-02,2013-06-02,16,CA,California,San Bernardino,,,,,,,,,,,82.6875,1004.816667,6.7875,0.0,20.19521085,53.2000003,10.975,31.786244748540824,117566.80703755537,54356.90797747807,5.229898310442887,0.5104153234266349,102.0750851158123
87,744,264916,Norovirus,2015-06-05,2015-06-09,24,IL,Illinois,Kane,,,,,,,,,,,69.28,1012.56,9.08,0.218,66.75436618,25.66,10.4,35.68175618759934,25886.061626113173,70650.67193592385,5.1321399439246935,0.2230411996749587,1006.3165019706356
88,745,264963,Norovirus,2015-06-12,2015-06-13,17,MN,Minnesota,Cass,,,,,,,,,,,64.9,1018.0087890625,3.0,0.0,63.41463047,28.37363052368164,6.3,48.1703552994979,1467.1439037144612,45947.80983875715,5.783987857730334,1.674566407990551,14.099429188746344
89,746,264975,Norovirus,2015-06-10,2015-06-10,9,OR,Oregon,Deschutes,,,,,,,,,,,70.7,1010.4,5.3,0.0,30.9107503,111.2,8.7,41.6627177420644,9943.205759096056,50071.17621240974,7.136804738028669,1.0169233305249286,54.52711713985172
90,747,264985,Norovirus,2015-06-09,2015-06-09,14,CT,Connecticut,Fairfield,,,,,,,,,,,68.3,1006.166667,6.5,0.036666667,79.62340484,8.066667,10.2,39.6162974444646,42159.59986613731,83557.8318074953,4.430420336202839,0.15704111404864,1500.053930762935
91,749,265013,Norovirus,2015-06-20,2015-06-20,18,FL,Florida,Alachua,,,,,,,,,,,85.7,1018.3,5.5,0.0,59.623771,5.6,7.5,30.64286161409892,27692.31801962299,42379.120001739786,6.937318265469006,0.4086648793485152,289.01278359928466
92,750,265078,Norovirus,2015-06-19,2015-06-20,10,IL,Illinois,McHenry,,,,,,,,,,,63.02,1015.24,6.495,0.0,65.19576187,27.31,8.26,39.104530237813705,13129.273273254712,76601.23457810722,4.928232743077283,0.2594802284494579,510.1072882446042
93,751,265100,Norovirus,2015-07-02,2015-07-02,5,MN,Minnesota,Traverse,,,,,,,,,,,62.0,1018.156494140625,6.1,0.0,71.30016526,38.26744842529297,5.0,48.54156860267756,182.0681870617661,49071.14041052366,3.63010992994476,3.3135572755934883,5.993762240132716
94,752,265105,Norovirus,2015-06-13,2015-06-13,5,FL,Florida,Bay,,,,,,,,,,,81.6,1019.34,8.44,0.0,82.30507067,1.44,7.94,39.742920441336494,13429.93818378268,47209.56618539462,8.774677781998804,0.3675464263875598,229.38231006038492
95,753,265111,Norovirus,2015-06-23,2015-06-24,11,MI,Michigan,Ottawa,,,,,,,,,,,63.9,1015.6,8.25,0.0,82.61241798,12.070910453796388,6.75,34.71659719531211,19503.898117200573,58525.59051725694,5.357451070693905,1.3037437454293423,481.5747068684847
96,758,265441,Norovirus,2015-08-01,2015-08-05,14,OR,Oregon,Clackamas,,,,,,,,,,,73.24,1013.916,3.776,0.0,42.41680946,19.236,5.092,41.22213067735207,29644.345414973846,65245.2272328597,4.845267863371454,0.8309013710264861,207.12113631859023
97,759,265476,Norovirus,2015-07-22,2015-08-03,70,SC,South Carolina,Kershaw,,,,,,,,,,,81.85384615,1013.938462,2.438461538,0.0,65.87268523,10.861539,6.057692308,41.232857234623694,3502.472488178389,43111.63435370919,5.698786293220388,0.98741457734812,86.12201789712827
98,762,265553,Norovirus,2015-07-15,2015-07-15,12,FL,Florida,Pasco,,,,,,,,,,,78.7,1016.8021240234376,1.5,0.0,81.92357619,11.689582824707031,12.5,44.30026900800212,28385.55152503018,44823.66304815748,6.150446680049521,0.3548280777172672,637.236274134613
99,764,265597,Norovirus,2015-06-03,2015-07-04,152,UT,Utah,Salt Lake,,,,,,,,,,,79.421875,1009.075,6.45,0.0203125,31.26364254,139.765625,6.965625,31.63661952389181,55476.24565334792,61652.84569766396,5.138462534342789,0.1016950102732617,1442.7198693859496
100,765,265672,Norovirus,2015-08-27,2015-08-28,27,FL,Florida,Duval,,,,,,,,,,,79.90833333,1014.98,4.366666667,0.088,77.43164636,1.23,7.708333333,35.973934912356,54002.92042868541,47493.45439985954,6.438379551665676,0.2360046960361302,1163.9890933099468
101,767,266073,Norovirus,2015-08-13,2015-08-20,18,NC,North Carolina,Wake,,,,,,,,,,,78.2,1017.95,3.4875,0.02375,67.90333238,15.3625,4.9875,35.17717259253621,66949.5735778377,66805.27358862199,5.341206042131572,0.1789793880947559,1158.2316113106972
102,828,267371,Norovirus,2015-06-27,2015-06-27,11,WA,Washington,Clark,,,,,,,,,,,80.2,1011.8,6.1,0.0,47.64957174,0.5,6.9,37.27841900216796,26475.145816885728,60182.43551235358,5.019072746576968,0.3163816772752714,701.5297698717204
103,832,267464,Norovirus,2015-07-29,2015-07-29,50,CA,California,San Diego,,,,,,,,,,,71.30666667,1013.330769,4.28,0.0,71.762246,17.6846152,6.5,35.00524779287995,154448.91490784122,64133.31050465214,6.285583251574344,0.6655455506186133,762.4875444853698
104,864,268131,Norovirus,2015-08-01,2015-08-01,5,CA,California,San Diego,,,,,,,,,,,72.11428571,1014.127273,4.7,0.0,71.95404368,18.4689397,5.278571429,35.00699333885191,154418.05655433747,64134.278304770574,6.287173411882852,0.6652635081040428,762.5644742978162
105,865,268132,Norovirus,2015-07-29,2015-08-01,8,CA,California,San Diego,,,,,,,,,,,72.6802381,1014.667876,4.725,0.000333333,71.92908824,17.7263696,5.79130952,35.00612029430204,154433.48448493917,64133.79196752487,6.286379221243354,0.6654047827340235,762.5260197963581
106,897,268801,Norovirus,2015-08-18,2015-08-18,33,CA,California,Alameda,,,,,,,,,,,66.71666667,1012.3,6.65,0.0,67.64334858,6.633333,5.01666667,37.02667986628725,100686.26900182976,74776.98700858666,4.943435147341595,0.209511619738991,2132.653414435932
107,928,269273,Norovirus,2016-06-25,2016-06-25,20,OH,Ohio,Crawford,,,,,,,,,,,71.38,1019.92,2.87,0.0,47.52782374,40.48,3.13,42.742373689405824,1840.999410261786,40505.57350173781,6.782636347327199,0.8996799668656733,106.03917624406964
108,929,269280,Norovirus,2016-06-16,2016-06-23,14,WI,Wisconsin,Manitowoc,,,,,,,,,,,69.625,1017.2375,6.8625,0.0325,58.54374351,25.0125,5.4875,44.298102297839485,2205.514573061372,48841.559160303164,5.441334512390322,1.7266875222479174,136.45351635077975
109,930,269315,Norovirus,2016-07-02,2016-07-02,13,SC,South Carolina,Charleston,,,,,,,,,,,82.05,1016.5,5.733333333,0.18,81.47453445,0.633333,7.566666667,36.64597659541946,29777.86354433088,54063.4078736208,7.782238646149046,0.1852568275092022,411.3262983350892
110,931,269376,Norovirus,2016-07-07,2016-07-08,5,OH,Ohio,Lucas,,,,,,,,,,,77.9,1009.0,6.0,0.365,71.07268416,24.35,7.0,37.81067294247834,19498.406777641016,42220.94911525258,6.956276472803824,0.2348454109348504,1277.5307230351011
111,932,269682,Norovirus,2016-07-29,2016-07-29,11,MN,Minnesota,Hennepin,,,,,,,,,,,69.9,1017.2,5.866666667,0.0,56.18252611,31.8,4.500000003,36.1487804057617,83026.32771000722,66891.9971113562,5.57087795514404,0.1881822108485232,2175.108676228902
112,933,269700,Norovirus,2016-07-07,2016-07-12,14,GA,Georgia,Gwinnett,,,,,,,,,,,84.2,1018.9701538085938,7.466666667,0.0,63.66089855,61.84882736206055,4.700000003,34.664871284670745,56335.81993744517,60909.77720830761,5.353202298275512,0.1300958123296242,2014.822989732532
113,934,269714,Norovirus,2016-08-03,2016-08-06,8,TN,Tennessee,Greene,,,,,,,,,,,76.31,1013.9,2.3275,0.0925,37.83902996,47.355,7.4275,43.88018581236351,3372.9149910702354,35929.260088336334,5.713490963070471,0.277136839738274,110.14939028961632
114,935,269723,Norovirus,2016-08-04,2016-08-11,15,MN,Minnesota,Hennepin,,,,,,,,,,,75.175,1013.841667,6.729166667,0.48375,65.30014995,31.4250003,7.312500003,36.15182986407722,83073.74785338812,66951.85900786356,5.56765081989537,0.1882344675009765,2175.6265084827505
115,936,269737,Norovirus,2016-08-05,2016-08-09,10,OR,Oregon,Baker,,,,,,,,,,,63.14,1011.14,5.76,0.016,45.6497108,115.66,8.5,48.253207239969136,1384.513319979365,41337.81656738244,5.266386157607853,3.679634194345403,5.228814050324077
116,947,270156,Norovirus,2016-06-10,2016-06-10,10,GA,Georgia,Richmond,,,,,,,,,,,79.85,1017.0,2.2,0.0,64.52436469,9.95,3.85,33.36982447852231,17242.807033172645,37836.05620570737,7.496028789833709,0.263698084314374,620.7651243971551
117,959,270642,Norovirus,2016-08-24,2016-08-27,50,NC,North Carolina,Davie,,,,,,,,,,,77.2875,1021.591064453125,1.1975,0.0,78.18549158,27.660415649414062,5.845,44.14223906754638,2197.600675371282,51663.60246549804,5.940321247164961,0.1570669391268898,157.18626988490735
118,988,271832,Norovirus,2016-06-26,2016-06-27,11,CA,California,San Diego,,,,,,,,,,,70.98846154,1012.229924,4.361538462,0.0,67.4459836,17.3530009,6.211538458,35.20945067662684,153488.9493224334,65075.39737597758,6.351880405208052,0.6209990567524935,769.8049599650343
119,1043,274061,Norovirus,2016-08-27,2016-08-27,8,WA,Washington,Grays Harbor,,,,,,,,,,,62.2,1013.0,11.0,0.0,87.68993409,1.1,4.0,42.86497883079311,4687.697873879644,44142.7643835916,7.384536374927207,2.589625691804624,37.46607524140936
120,1050,274336,Norovirus,2016-06-05,2016-06-05,12,IL,Illinois,Cook,,,,,,,,,,,69.0,1004.45,8.4,0.545,67.54153445,21.8833333,9.03333333,35.97705411596552,177733.74371347236,55797.05113059797,5.620106434533639,0.0931443568926954,5534.660865920336
121,1052,274359,Norovirus,2016-08-10,2016-08-13,13,IL,Illinois,Peoria,,,,,,,,,,,79.4,1013.0,5.25,0.495,81.08226767,23.6,6.75,36.854033040580845,10293.479677702437,51296.91888084361,6.120573408512583,0.2335220548693183,301.9273346480281
122,1083,275684,Norovirus,2017-07-04,2017-07-04,11,OH,Ohio,Lorain,,,,,,,,,,,70.9,1019.4,6.2,0.0,57.63628153,28.5,3.7,41.33808910272665,14901.828078207973,54182.49013133167,6.405254975401612,0.3168755510565819,620.5024728417732
123,1093,275116,Norovirus,2017-06-09,2017-06-10,15,OH,Ohio,Cuyahoga,,,,,,,,,,,71.175,1011.666667,8.2125,0.0025,53.03513424,26.6500003,6.5625,40.40871786772236,47434.31736147206,45901.47200048786,6.031830905613365,0.099261622744999,2751.557297306891
124,1094,275281,Norovirus,2017-06-17,2017-06-18,39,AR,Arkansas,Benton,,,,,,,,,,,76.35,1007.325,6.125,0.219166667,78.81900297,44.15,7.9625,35.14664955318628,15883.796326481115,60126.31683088469,4.140552046396154,0.4774063521245317,293.021518706652
125,1100,275478,Norovirus,2017-06-24,2017-06-24,11,MN,Minnesota,Washington,,,,,,,,,,,60.71,1014.8,10.93,0.01,59.23491345,29.29,12.77,39.09351864273466,18159.231472642405,88178.99274644343,4.850937429195397,0.349576564509809,650.0186684972499
126,1104,275513,Norovirus,2017-06-22,2017-06-22,18,MN,Minnesota,Stearns,,,,,,,,,,,67.3,1016.466552734375,3.9,0.01,76.63220491,43.8970832824707,6.0,34.08548307684779,15639.493323981324,58160.57774096332,6.232028022899769,1.1302295337484307,114.9577635314884
127,1105,275521,Norovirus,2017-06-23,2017-06-24,8,SC,South Carolina,Florence,,,,,,,,,,,82.15,1014.75,9.3,0.0,78.5527429,5.05,4.7,38.64825131191204,5423.133228373366,42784.22860516001,6.0875607811731385,0.4747806576040492,173.22874428291928
128,1106,275526,Norovirus,2017-06-24,2017-06-24,8,SC,South Carolina,Florence,,,,,,,,,,,82.6,1013.8,10.7,0.0,77.16108794,5.2,4.3,38.64867850581741,5423.87150316083,42785.120611551385,6.087616961958094,0.4750109366110639,173.22862693320613
129,1108,275537,Norovirus,2016-08-30,2016-09-07,24,CA,California,Contra Costa,,,,,,,,,,,69.58888889,1009.944444,9.677777778,0.0,48.22247587,0.744444,5.088888892,39.00960604530468,62808.41470161748,81615.81864736787,4.738983426176353,0.3006686268862528,1541.7026635367988
130,1112,275586,Norovirus,2016-06-09,2016-06-09,5,CA,California,San Diego,,,,,,,,,,,65.78461538,1011.545455,5.084615385,0.0,74.20768696,16.9762242,5.546153845,35.19930486412491,153384.4343767577,64971.84935167821,6.352337273688789,0.62361646854265,769.470466522347
131,1113,275599,Norovirus,2017-06-28,2017-06-29,20,WI,Wisconsin,Taylor,,,,,,,,,,,61.3,1017.5838623046876,7.8,0.15,85.92708532,46.20745086669922,6.2,43.42904570493366,801.8623584638882,48575.43526220501,3.174724599111506,4.366792018200964,20.956013106936
132,1114,275612,Norovirus,2017-06-20,2017-06-22,15,NE,Nebraska,Lancaster,,,,,,,,,,,79.63333333,1008.466667,8.166666667,0.0,52.68230956,41.4000003,6.866666663,33.09419272175444,21809.48936643108,54703.98173997543,6.0061083561437085,0.3185544496840861,362.7850045170137
133,1115,275658,Norovirus,2017-07-07,2017-07-07,5,KS,Kansas,Johnson,,,,,,,,,,,79.8,1015.9,8.15,0.0,70.54275852,37.75,7.4,37.211159515680585,38055.72635472625,79586.90665523434,4.640881027364877,0.2012364720074963,1215.9158517876783
134,1117,275810,Norovirus,2017-07-14,2017-07-15,32,HI,Hawaii,Honolulu,,,,,,,,,,,80.51666667,1018.05,7.375,0.003333333,64.81801215,0.866667,5.53333333,37.56651305763462,57519.165979950405,78752.40830814888,7.529129145459045,0.3976225123333435,1646.1896615185574
135,1119,275824,Norovirus,2015-06-05,2015-06-05,6,CA,California,San Diego,,,,,,,,,,,62.43333333,1011.776923,6.1,0.0,63.02546629,17.9230768,5.08666667,34.97475039430815,154994.1209385962,64120.16709624682,6.254368598711476,0.6697610071844704,761.0718588982867
136,1121,275924,Norovirus,2017-08-03,2017-08-08,431,OH,Ohio,Lucas,,,,,,,,,,,69.15,1015.85,7.327777778,0.022777778,69.17125719,24.95,7.405555552,37.91475721716869,20095.319650239264,43999.54590889028,7.066235372456769,0.255412758389046,1273.0829875742356
137,1122,276130,Norovirus,2017-08-26,2017-08-26,10,IL,Illinois,Lake,,,,,,,,,,,65.1,1024.1,6.95,0.0,67.57873613,26.3,7.05,37.92611306161583,40814.375392971255,81565.74640175811,4.559678399223279,0.1752079099541427,1586.793003075249
138,1123,275982,Norovirus,2017-08-12,2017-08-12,40,MN,Minnesota,Wright,,,,,,,,,,,65.55,1015.7079467773438,0.65,0.025,70.00704679,28.005416870117188,4.4,36.03161255112195,7714.156112710726,76969.95957971801,4.075657920176515,0.6799643404826123,197.49001342303012
139,1124,276000,Norovirus,2017-08-03,2017-08-12,27,MN,Minnesota,Mille Lacs,,,,,,,,,,,64.36,1019.4239501953124,3.24,0.0,72.80814412,39.80750274658203,6.45,40.28633624297669,1899.733045466496,52960.5813923941,5.9936844704163095,1.0232117927158155,44.88414272824267
140,1125,276008,Norovirus,2017-08-15,2017-08-16,35,OH,Ohio,Butler,,,,,,,,,,,76.95,1013.9,1.475,0.0,72.64477279,22.675,5.275,36.43346525982807,26275.86584866232,61360.17560975629,6.08674170991736,0.1542927886930161,802.4741209418185
141,1126,276049,Norovirus,2017-08-17,2017-08-20,25,WI,Wisconsin,Pierce,,,,,,,,,,,66.0625,1019.665771484375,4.9025,0.2675,83.09886226,49.25010681152344,5.465,36.36627689197156,4998.086391398837,65671.68712958861,6.06328826372925,2.1306094545543828,71.60275074826079
142,1127,276051,Norovirus,2017-08-13,2017-08-13,17,MI,Michigan,Oakland,,,,,,,,,,,68.55,1016.9,2.45,0.01,70.33281319,30.3,6.0,40.97906948415533,71402.21604779585,72010.88377496834,5.002688920783013,0.0988847306850119,1427.8834385973182
143,1128,276054,Norovirus,2017-06-28,2017-06-28,5,UT,Utah,Salt Lake,,,,,,,,,,,77.05,1004.8,5.15,0.0,28.24528289,144.55,8.8,32.254078333953174,60481.72269442136,66206.28849792978,5.119499814677246,0.0972910928874604,1481.0719117186338
144,1129,276134,Norovirus,2017-06-09,2017-06-09,5,IL,Illinois,Kane,,,,,,,,,,,76.2,1008.9,9.5,0.06,45.18566611,25.3,6.4,36.3633324413852,27203.44898014193,72937.98239743857,5.247169726844815,0.249898220087705,1014.8857512207036
145,1130,276135,Norovirus,2017-08-28,2017-08-28,24,MA,Massachusetts,Middlesex,,,,,,,,,,,63.0,1027.3,4.0,0.0,56.52447711,6.2,8.0,38.499339434627366,102132.23460793003,91592.24475957842,4.595278672894004,0.0891509772531518,1928.8832385281096
146,1131,276136,Norovirus,2017-08-28,2017-08-31,17,MA,Massachusetts,Suffolk,,,,,,,,,,,65.2125,1018.8125,3.5875,0.00875,71.67180603,0.4625,9.1875,32.53749362068997,75597.87912763859,59953.20006153779,7.560129238683445,0.1455180095101935,13346.2939424379
147,1140,276573,Norovirus,2017-06-01,2017-06-07,51,IL,Illinois,DuPage,Kane,Will,,,,,,,,,70.48571429,1014.97619,5.95952381,0.0,51.36545094,23.123809,6.70714286,37.49564902688667,37331.69982961757,78104.85103639054,4.962770791000165,0.1646023343365575,1559.1672518378696
148,1141,276574,Norovirus,2017-06-13,2017-06-15,116,IL,Illinois,DuPage,,,,,,,,,,,77.05,1011.75,7.166666667,0.33,67.58788573,25.3833333,10.38333333,38.99948468700234,54755.363153368766,82685.26204067828,4.715294998514605,0.0866322633547895,2842.6959364858794
149,1166,277189,Norovirus,2017-08-08,2017-08-11,29,WA,Washington,King,,,,,,,,,,,70.7625,1014.1,3.54375,0.0,68.42083697,6.208333,4.55,37.20853755543331,145808.91111185763,81537.36686494004,5.595743822713334,0.2947972273240473,993.524789673898
150,1206,278733,Norovirus,2017-08-20,2017-08-20,6,CA,California,San Diego,,,,,,,,,,,68.86,1013.792857,4.364285714,0.0,70.19750044,17.8313185,5.949999996,35.36152502723452,157450.96433361314,69010.92140577373,6.469888252533275,0.5554665616957442,778.1236337836423
151,1267,280210,Norovirus,2018-06-20,2018-06-20,133,NC,North Carolina,Alexander,,,,,,,,,,,81.27,1021.150634765625,2.25,0.04,67.17721329,36.36277770996094,6.5,43.07889559802001,2062.208551024108,45010.40323690279,2.939908393360953,0.5886416342413638,142.81130370123046
152,1274,280071,Norovirus,2017-06-04,2017-06-04,11,CA,California,San Diego,,,,,,,,,,,64.2375,1011.823077,3.693333333,0.0,80.19448143,17.2076924,5.066666667,35.34377017829317,156593.1589448822,68130.08445862879,6.42842617514131,0.5666417095506323,776.5600867631254
153,1275,280110,Norovirus,2018-06-02,2018-06-02,9,OH,Ohio,Medina,,,,,,,,,,,66.92,1012.6,7.2,0.01,39.99418289,33.11,4.38,41.88951214796659,9123.582520246577,72663.93883553272,5.17060470197218,0.2091945171564346,419.4497408469664
154,1276,280156,Norovirus,2017-06-02,2017-06-05,25,CA,California,Santa Clara,,,,,,,,,,,66.35833333,1013.875,7.025,0.0,57.47861262,2.516667,8.475,36.877163732176165,114150.37632875884,103262.9058629966,4.7670074720787055,0.4207606625779175,1469.71144357349
155,1279,280173,Norovirus,2018-06-14,2018-06-14,30,MN,Minnesota,Hennepin,,,,,,,,,,,72.5,1013.666667,8.166666667,0.003333333,51.19578307,31.7000003,8.233333333,36.34429296926045,84063.75314271686,72484.39390436222,5.3765404252514575,0.1755959378936217,2222.296115512406
156,1280,280211,Norovirus,2018-06-16,2018-07-06,59,WI,Wisconsin,Winnebago,,,,,,,,,,,73.5047619,1013.47619,7.266666667,0.180952381,70.75987325,29.1476186,6.261904763,38.08829486711865,13052.588718757588,56075.64797570019,5.815333666749468,0.3722143204721005,390.5232016089152
157,1282,280243,Norovirus,2018-06-16,2018-06-18,5,KS,Kansas,Chase,,,,,,,,,,,83.55333333,1010.973333,13.76,0.0,60.12234743,43.9666663,5.33666667,44.59469939666247,164.19156885086628,44227.30132054148,2.2334359299391937,1.9264283470922468,3.4335396905161826
158,1283,280249,Norovirus,2018-06-17,2018-06-17,6,OH,Ohio,Delaware,,,,,,,,,,,78.1,1016.8195190429688,2.1,0.0,75.73856663,32.56546401977539,5.9,38.51716026333423,14176.518967039656,102452.78823221414,4.062215879814616,0.1871764833875329,439.7863622699528
159,1287,281934,Norovirus,2018-06-10,2018-06-12,19,FL,Florida,Pinellas,,,,,,,,,,,81.85333333,1017.206667,4.38,0.0,74.25415782,0.573334,6.50666667,47.6808645774413,57357.94729266775,50011.75981713055,6.676551365486361,0.1870070944196881,3483.361195600943
160,1288,281940,Norovirus,2018-08-19,2018-08-23,28,SC,South Carolina,Charleston,,,,,,,,,,,81.896,1016.26,6.255,0.030666667,79.6246602,0.966667,6.055,37.46760453305432,27104.501835289662,59913.23053398156,7.394454467184888,0.1851935535978103,428.1861525940594
161,1290,281946,Norovirus,2018-08-29,2018-08-29,13,OH,Ohio,Franklin,,,,,,,,,,,79.825,1016.25,7.975,0.0,74.61833096,29.775,9.25,34.002263253645594,76699.69007003562,57918.51849437918,6.029111159759799,0.090452958077044,2383.2409956407387
162,1291,281089,Norovirus,2018-07-17,2018-07-20,29,CT,Connecticut,Windham,,,,,,,,,,,72.9,1015.2,4.35,0.0,68.83195165,8.975,6.9,41.18176673692015,6578.834073338124,63762.09540317197,6.25880533539272,0.7038744249436845,227.26189794845436
163,1295,281803,Norovirus,2018-08-14,2018-08-18,18,MN,Minnesota,Hennepin,,,,,,,,,,,76.42,1014.466667,4.64,0.0,64.92839379,31.426667,4.406666667,36.361698371261824,84145.01338703217,72981.96501877173,5.375105700499917,0.1809903012681396,2225.463145148828
164,1296,281809,Norovirus,2018-07-29,2018-07-30,21,NC,North Carolina,Columbus,,,,,,,,,,,76.85,1017.6900024414062,1.7,0.02,91.2590163,47.86662292480469,5.3,41.99510146595665,3332.1449981489063,36300.57947418992,5.552204425612185,0.8351121517350508,60.170410237082905
165,1297,281813,Norovirus,2018-08-18,2018-08-24,68,FL,Florida,Lake,,,,,,,,,,,82.31428571,1017.871429,4.228571429,0.254285714,79.22297048,2.542858,9.228571431,46.697751669218334,29838.76934500134,51163.92809413232,7.163583167782302,0.6182591458289346,353.7731409227105
166,1298,281827,Norovirus,2018-08-06,2018-08-09,8,WA,Washington,Pierce,,,,,,,,,,,72.365,1015.55625,2.42,0.0,56.8237568,13.35,5.99875,36.050032748651226,65466.97520451044,66137.47816541334,5.498908555742742,0.4304563607732236,511.3430336048067
167,1299,281828,Norovirus,2018-07-25,2018-07-26,22,WA,Washington,Pierce,,,,,,,,,,,73.87,1019.6375,2.15,0.0,51.95747043,13.4125,5.6125,36.04564349446943,65443.47887749478,65989.08825518825,5.501154282153474,0.4301821731972973,511.0258644933165
168,1303,282134,Norovirus,2018-08-25,2018-08-25,13,AZ,Arizona,Maricopa,,,,,,,,,,,90.7,1009.433333,6.21,0.046666667,38.76294769,41.783333,10.47,36.06407211862064,211124.14222452955,60570.00451175618,5.862879894650937,0.3088211483426748,458.4609574558671
169,1304,282140,Norovirus,2018-08-19,2018-08-19,7,MD,Maryland,Kent,,,,,,,,,,,75.2,1012.6,7.5,0.0,66.04157257080078,67.35528564453125,6.5,47.2624020985573,1721.9716079737088,56395.5303883124,7.397038830220154,3.12824411444802,70.79087108827368
170,1307,282195,Norovirus,2018-08-30,2018-09-06,16,TX,Texas,Harris,,,,,,,,,,,80.959375,1014.11,4.175,0.107522321,80.69576,4.91625,6.1375,33.236954886623785,223039.11621459512,59421.4064777253,5.73704933843258,0.1152822049638682,2688.819758059901
171,1308,282197,Norovirus,2018-08-24,2018-08-25,51,KY,Kentucky,Kenton,,,,,,,,,,,70.145,1019.16,6.245,0.0,75.63478456,25.255,6.775,36.97012418277494,13075.461097335376,60493.38386423813,6.284809677196142,0.1942826185682202,1026.068504806374
172,1323,282713,Norovirus,2018-06-09,2018-06-09,13,PA,Pennsylvania,York,,,,,,,,,,,73.75,1019.25,3.05,0.0,64.46030839,14.9,5.9,41.0229044548122,18536.16300814579,62608.49787717124,5.658901884034504,0.2603704517255127,489.9671424175467
173,1355,283805,Norovirus,2018-08-24,2018-08-24,7,GA,Georgia,Cobb,,,,,,,,,,,72.95,1006.15,5.9,0.0,64.93621204,23.85,5.65,36.46736983465742,60327.51327122141,74056.3181974293,5.859568431658309,0.074588189409268,2189.2519740866933
174,1381,284493,Norovirus,2018-06-29,2018-07-06,60,GA,Georgia,Chatham,,,,,,,,,,,81.85,1018.566667,5.6125,0.026666667,75.1988175,2.016667,6.675,35.044861427808044,28419.82505554461,53586.69729271787,7.807360928257554,0.199405284706543,671.6417009442691
175,1386,284543,Norovirus,2018-07-06,2018-07-06,18,CA,California,Orange,,,,,,,,,,,82.96666667,1012.233333,4.033333333,0.0,42.27975987,2.233333,6.233333337,37.64533124704782,138443.58207536337,83671.10975173344,5.787368905561863,0.3609472999644538,3999.79032728632
176,1389,284585,Norovirus,2018-06-22,2018-06-22,29,CA,California,Santa Cruz,,,,,,,,,,,60.7,1014.2,4.1,0.0,74.10622184,5.8,4.8,37.36359166522742,18462.309924657897,75666.18091304078,6.687185771508668,3.832309728996097,614.8709304975434
177,1430,287548,Norovirus,2018-06-21,2018-06-23,21,ME,Maine,Androscoggin,,,,,,,,,,,61.33333333,1015.0,4.033333333,0.093333333,60.77395982,12.0,5.633333334,40.68488378564897,6049.749266537069,50303.46473916122,5.767675528101571,0.8542110351279256,229.42629565679675
178,1456,288111,Norovirus,2017-06-13,2017-06-15,38,CA,California,San Luis Obispo,,,,,,,,,,,66.04444444,1014.577778,8.177777778,0.0,49.7275641,18.3444447,11.01111111,38.96658059317513,21756.830298484758,65470.20999145831,7.08179364808579,1.4744825407133642,84.69904166362905
179,1457,289111,Norovirus,2019-06-16,2019-06-16,30,WI,Wisconsin,Racine,,,,,,,,,,,53.9,1010.7,7.55,0.05,89.88669493,26.25,4.4,40.10626290498335,9444.753730723916,60358.7138816198,5.50962483077421,0.503948812861341,588.0038370575888
180,1459,289133,Norovirus,2019-06-19,2019-06-24,19,UT,Utah,Salt Lake,,,,,,,,,,,64.95,1010.916667,7.225,0.0025,36.70460439,147.0750003,8.93333333,32.68458421156994,66048.97521350054,72871.3916691676,5.025277017310338,0.0964156256012508,1518.41833390973
181,1460,289184,Norovirus,2018-06-25,2018-06-25,7,ND,North Dakota,Burleigh,,,,,,,,,,,72.4,1012.4,7.6,0.3,73.40071033,58.5,8.3,36.71373135540984,6669.929989884745,68389.36429384841,4.939758286426822,0.5651929311805735,57.00759026084388
182,1461,289205,Norovirus,2019-06-15,2019-06-24,39,WA,Washington,Benton,,,,,,,,,,,72.27,1017.989501953125,5.76,0.0,36.98590844,35.055362701416016,8.42,35.7442217638605,11545.875093060766,67141.69452801152,5.234201086347975,3.177702373659941,115.1739778287984
183,1466,289424,Norovirus,2019-07-23,2019-07-23,13,WA,Washington,Spokane,,,,,,,,,,,77.62,1013.325,4.35,0.0,36.36794885,78.125,7.125,37.55611410812181,37304.626297754905,56220.21639062205,6.2007556507566255,0.5951878727747578,284.7675414077916
184,1468,289442,Norovirus,2019-08-05,2019-08-07,21,MN,Minnesota,Washington,,,,,,,,,,,74.52666667,1009.866667,4.573333333,0.02,70.71213786,28.6133337,11.36333334,39.38542118428253,17562.18662759727,94644.794029505,4.597276551499619,0.2448968140738459,663.1322772225707
185,1470,289509,Norovirus,2019-08-06,2019-08-09,7,MI,Michigan,Ottawa,,,,,,,,,,,70.975,1009.875,8.25,0.0,81.30601699,34.24097442626953,6.95,35.08467613302069,21499.527586382785,69012.8683197859,5.918979511255999,1.2452711435658346,507.2385615960326
186,1471,290528,Norovirus,2019-08-10,2019-08-12,5,FL,Florida,St. Johns,,,,,,,,,,,82.56666667,1013.933333,5.766666667,0.08,84.29800226,0.533333,6.200000003,43.594145612718535,25838.010821240325,80039.18125476089,6.393637520522589,0.8621284546926883,401.4314269789392
187,1472,290555,Norovirus,2019-08-22,2019-08-23,21,SC,South Carolina,Spartanburg,,,,,,,,,,,79.45,1016.0,3.4,0.03,72.54036355,30.975,8.85,38.157501675231366,17696.479414472462,51654.81931355581,5.514040221362325,0.3122545810559369,378.2220461730587
188,1480,290888,Norovirus,2019-08-25,2019-08-25,10,IL,Illinois,DuPage,,,,,,,,,,,68.25,1019.85,6.7,0.0,57.90179114,25.95,5.85,39.16885747461771,55190.03408182407,91520.93339306778,4.38840751375646,0.066306094791871,2840.616705216552
189,1487,291192,Norovirus,2019-08-21,2019-08-24,27,IL,Illinois,DuPage,,,,,,,,,,,69.3,1018.4125,6.85,0.065,67.09306485,25.6375,6.725,39.16711514058308,55207.90048743144,91493.62313003503,4.387889636648627,0.0663567892583623,2840.680783270961
190,1511,293382,Norovirus,2019-08-27,2019-08-31,27,IL,Illinois,Winnebago,,,,,,,,,,,67.0,1015.68,7.08,0.096,68.14297141,26.62,8.1,39.609663620871146,12516.378376394674,53866.53887981408,5.727790427595073,0.1819261741007543,555.7186033522281
191,1512,293383,Norovirus,2019-08-24,2019-08-24,5,IL,Illinois,Kane,,,,,,,,,,,64.0,1023.7,5.9,0.0,65.98046979,25.9,7.1,37.20988889108197,29476.15165975481,78254.10128717359,5.460842761657816,0.202715044533915,1021.3968426480686
192,1513,293420,Norovirus,2019-06-09,2019-06-19,39,MO,Missouri,St. Louis City,,,,,,,,,,,72.32545455,1013.377273,6.100909091,0.077272727,64.28353104,22.1181821,6.375454549,35.620799656388726,28857.55089766044,42340.29344594412,7.284242783450842,0.1527161597950846,4999.459509521099
193,1527,296045,Norovirus,2019-06-04,2019-06-04,11,CA,California,Orange,,,,,,,,,,,63.86666667,1013.0,3.766666667,0.0,74.3246446,2.266667,6.2,37.935233045993954,138019.80112455814,87140.68401267553,5.709782134594534,0.3755879531370549,4003.459391271682
194,1528,296087,Norovirus,2019-07-19,2019-07-19,78,CA,California,Orange,,,,,,,,,,,69.5,1013.3,4.7,0.0,64.12816019,2.2,5.66666667,37.973015147650514,137809.52768958398,87719.13749436496,5.707610513651289,0.3771359245702574,4003.896912633093
195,1530,296090,Norovirus,2019-08-10,2019-08-10,42,CA,California,Orange,,,,,,,,,,,70.63333333,1012.666667,3.766666667,0.0,64.8859631,2.2,6.500000003,37.99109266462546,137690.55912718995,88016.78045100978,5.707736420113269,0.3778042719529393,4004.1655676441046
196,1536,296696,Norovirus,2019-06-30,2019-06-30,6,FL,Florida,Hillsborough,,,,,,,,,,,81.72,1018.375,5.64,0.0,78.13866165,0.441667,4.96,36.99088448867735,99736.54946317716,57439.8682817373,5.611033353303227,0.9062962604422012,1369.2871255403504
197,1537,296697,Norovirus,2019-07-13,2019-07-13,6,FL,Florida,Hillsborough,,,,,,,,,,,81.23333333,1018.25,5.616666667,0.13,77.78988198,0.175,7.000000003,37.00101545743824,99888.48788654126,57537.57433178523,5.61434904941549,0.9066297850787712,1370.7805678359482
